Company, Title, Type
Center Pixel. Inc , Frontend Web Engineer , Full-time or Contract
CMS Max , Lead Tailwind Developer , Full-time
Chicago Botanic Garden , Principal Web Application Developer , Full-time
Infinia ML , Senior Front-End Engineer , Full-time
Crowd Favorite , Senior Web Developer, Open Source . Full-time
Spear AI , Frontend Engineer , Full-time
Third Time Games , Web Developer , Full-time
Lugg , Senior Frontend Engineer , Full-time
Avenue , Backend Engineer , Full-time
SKYCATCHFIRE , JavaScript Application Developer , Full-time
Unflow , Full-Stack Engineer , Full-time
Lemon Squeezy , Senior Full-Stack Laravel Engineer , Full-time